Titulo,PreÃ§o,Marca,Temperatura,Num de ComentÃ¡rios
"Esponja Microfibra para limpar Vidros multiuso, EDV-J, Flash Limp","R$ 1,70",Amazon,304Âº,3
 Cadeira de escritÃ³rio TGTTGT-OFC-001 TGT  preta com estofado de mesh,R$ 189,Pichau,187Âº,3
Creatina 300g (100% pura) - Max Titanium,"R$ 99,85",Amazon,235Âº,1
NoviÃ§a Balde com Escorredor Concept Capacidade de 14 L (cores sortidas),"R$ 25,46",Amazon,212Âº,3
Papel HigiÃªnico Neutro Folha Dupla Personal 30m Leve 16 Pague 15,R$ 16,Mercado Livre,413Âº,6
"(Regional / R$ 8,99 cada) Kit com 10 Desodorante Rexona Aerossol Men 90G/150Ml Invisible Antibac","R$ 89,90",Americanas,287Âº,10
Smart TV 43 LG 4K UHD 43UQ7500 Wi-Fi Bluetooth HDR ThinQ AI Google Alexa,R$ 1709,Americanas,260Âº,5
Kit Gin Tanqueray Rangpur Lime - LimÃ£o Cravo 700ml 2uni,R$ 107,Casas Bahia,209Âº,0
Sem tÃ­tulo,Sem preÃ§o,Sem Marca,Sem Temperatura,Sem Comentarios
Lenovo Notebook ideapad Gaming 3 R7-5800H 8GB 256GB SSD PCIe GTX 1650 4GB 15.6 FHD W11 82MJ0001BR,R$ 3996,Amazon,280Âº,7
Processador Ryzen 5 5500 6 nÃºcleos e 12 threads,R$ 433,AliExpress,152Âº,4
[RECORRENCIA] Creme Dental Colgate Sensitive Pro-AlÃ­vio Imediato Branqueador 90g,"R$ 10,71",Amazon,215Âº,2
Kit com 3  Maionese de Alho com Ervas Heinz 215g,R$ 26,Casas Bahia,378Âº,5
"[SUPER R$ 4,55] LÃ¡pis Grafite NÂº 2B Redondo + Apontador, Faber-Castell,EcoLÃ¡pis Max, 6 Unidades","R$ 5,36",Amazon,246Âº,1
"WATER COOLER AIGO AC SE 240, RAINBOW, 240MM",R$ 279,Pichau,224Âº,12
"Gabinete Gamer Montech AIR 100 Lite, Mid Tower, White,  mATX, 2 Fans, Vidro Temperado",R$ 239,Terabyte Shop,321Âº,0
"Monitor Gamer SuperFrame Precision Ultra, 31.5 Pol, Quad HD, 2.5K, 1ms, HDMI/DP/VGA, SFP3215",R$ 1179,Terabyte Shop,363Âº,5
Sem tÃ­tulo,Sem preÃ§o,Sem Marca,Sem Temperatura,Sem Comentarios
TÃªnis Nike Court Vision Mid Winter Masculino,R$ 499,Nike,632Âº,28
[MEMBERS] Samsung Galaxy Tab S8 ULTRA 5G 512GB 16GB RAM Tela 14.6 Super AMOLED Snapdragon 8gen1,R$ 5399,Samsung,619Âº,51
Smartphone Samsung Galaxy S22 128GB 5G Wi-Fi Tela 6.1'' Dual Chip 8GB RAM CÃ¢mera Tripla + Selfie 10MP - Verde,R$ 2879,Americanas,974Âº,27
Smart Tv Philco 65 Ptv65g10ag11sk Preto Bivolt,R$ 2759,Web Continental,186Âº,5
"Pen Drive 128GB Kingston DataTraveler Exodia Onyx, USB 3.2 - DTXON/128GB","R$ 59,99",KaBuM!,632Âº,12
TÃªnis Adidas Hoops 3.0 Mid Masculino,R$ 290,Netshoes,350Âº,1
SSD 1TB M.2 NVMe PCIe 3500mb/s Leit - 2100mb/s Grav NV2 SNV2S/1000G Kingston,R$ 279,Amazon,1182Âº,18
"Smart TV 50"" 4K LED TCL 50P635 VA Wi-Fi - Bluetooth HDR Google Assistente 3 HDMI 1 USB",R$ 1838,Americanas,603Âº,12
Sem tÃ­tulo,Sem preÃ§o,Sem Marca,Sem Temperatura,Sem Comentarios
[Conta Nova R$ 92] SSD Sata 3 XrayDisk 512GB Case de Metal,R$ 110,AliExpress,342Âº,4
Steam Deck 64gb,R$ 3500,Amazon,728Âº,43
Pistola de Ã¡gua Baseus para Lavar Carro,"R$ 50,71",AliExpress,317Âº,8
"Smart TV 32"" LG HD 32LQ620 Wi-Fi Bluetooth HDR ThinQ AI Google Alexa",R$ 989,Americanas,575Âº,9
"Cabo Hdmi 2.0 4K Hdr 19P 2M Pix Gold, Preto",R$ 14,Amazon,451Âº,1
"[Rec]Amaciante Concentrado Downy Perfume Collection PaixÃ£o 1,35 L",R$ 20,Amazon,387Âº,11
Kit de Ferramentas com 129 PeÃ§as,"R$ 39,99",Casa e ConstruÃ§Ã£o,828Âº,18
EA Racing Mega Collection Bundle ,"R$ 95,76",Steam,535Âº,11
Sem tÃ­tulo,Sem preÃ§o,Sem Marca,Sem Temperatura,Sem Comentarios
Placa De VÃ­deo RX 5700,R$ 655,AliExpress,1096Âº,66
Cupom centauro oferece 20% de desconto em produtos selecionados,20% OFF,Centauro,266Âº,1
Processador Ryzen 5 5600g,R$ 534,AliExpress,1034Âº,14
[Jogo GrÃ¡tis] Falling Words,GrÃ¡tis,Indiegala,1021Âº,3
Mala de Bordo ABS 4 Rodas Adventure Fortt Prata - MAB01-PR,R$ 169,Casas Bahia,762Âº,11
Kit com 4 Ervilha Quero SachÃª 170g,"R$ 11,98",Ponto Frio,294Âº,4
Whisky Maker`s Mark Bourbon 750ml,R$ 129,Casas Bahia,495Âº,12
"[APP] Smartphone Samsung Galaxy A24, 128GB, 4GB RAM, Tela 6.5 AMOLED, Dual Chip, 2023",R$ 899,Samsung,1778Âº,59
Sem tÃ­tulo,Sem preÃ§o,Sem Marca,Sem Temperatura,Sem Comentarios
Ketel One Botanical Peach & Orange Blossom - 700ml,"R$ 29,99",Casas Bahia,630Âº,14
"Smart TV Samsung UHD Processador Crystal 4K 55AU7700 55""",R$ 2252,Samsung,721Âº,9
Jaqueta ASICS com Capuz Masculina Manga Raglan Lettering,R$ 119,Centauro,1125Âº,22
Kit de Ferramentas Fasterr 142 peÃ§as,"R$ 50,39",Casas Bahia,415Âº,7
"Caixa de Som Amplificada Lenoxx CA60 Bluetooth, RÃ¡dio FM, USB - 80W",R$ 116,Casas Bahia,338Âº,5
Conjunto de Facas 4 PeÃ§as Tramontina Plenus em AÃ§o Inox e Polipropileno ,"R$ 28,26",Ponto Frio,497Âº,2
Absolut Vodka Sueca 1000ml,R$ 59,Extra,621Âº,6
Licor Amaretto Dell` Orso 700ml,"R$ 54,60",Extra,662Âº,10
Power BI Completo - Do BÃ¡sico ao AvanÃ§ado,R$ 22,Udemy,1609Âº,18
Dragon Age: Origins | Xbox,R$ 13,Loja Xbox Games,748Âº,4
Economize 60% OFF no Outlet Hering usando o Cupom,60% OFF,Hering Outlet,460Âº,8
TÃªnis Nike Renew Ride 3 Masculino,R$ 269,Mercado Livre,768Âº,11
4 uni OMO Desinfetante Lavanda 500ml,"R$ 2,50",Americanas,815Âº,11
"Carregador rÃ¡pido Xiaomi 67W + Cabo USB C de 1.5 metros - Original, para Smartphone, Tablet","R$ 68,57",AliExpress,1057Âº,22
"[REC+SUPER R$ 6,67] Sensodyne - Creme Dental PrÃ³-Esmalte para Dentes SensÃ­veis - 50g","R$ 8,90",Amazon,589Âº,9
[REC] SabÃ£o LÃ­quido Concentrado Ariel com toque de Downy 2L,R$ 28,Amazon,499Âº,6
SSD M2 Netac NVME 1TB M.2 2280 PCIe,R$ 184,AliExpress,1656Âº,32
TÃªnis Adidas Breaknet Masculino - Preto,R$ 191,Netshoes,793Âº,17
[Novo UsuÃ¡rio R$ 88] Carregador Xiaomi 120w Original + Cabo,R$ 103,AliExpress,773Âº,12
SeleÃ§Ã£o de CD com atÃ© 60% OFF [Links na descriÃ§Ã£o] ,R$ 15,Extra,615Âº,10
Kit 2 mesas de cabeceira TuttiCasa-Branco,R$ 112,Amazon,709Âº,2
"Notebook Lenovo IdeaPad Gaming 3i i7-12650H 16GB 512SSD 3050 Tela 15,6"" FHD-WVA 120Hz W11",R$ 5939,Lenovo,755Âº,21
Sparta Chave Phillips Pt. Ph 1/8 X 5 Crv Cabo Dupla InjeÃ§Ã£o,"R$ 3,59",Amazon,537Âº,4
"Headset Gamer HyperX Cloud Blue PS4, ConexÃ£o 3.5mm, Driver 53mm",R$ 189,KaBuM!,447Âº,14
LegiÃ£o Urbana CD  LegiÃ£o Urbana - AcÃºstico MTV CD LegiÃ£o Urbana - AcÃºstico MTV,R$ 10,Extra,1352Âº,20
SeleÃ§Ã£o de roupas feminina de tricÃ´ por menos de R$25 com links na descriÃ§Ã£o,R$ 25,Ponto Frio,453Âº,0
TÃªnis Olympikus Corre1 Unissex tamanho 35,R$ 110,Olympikus,711Âº,10
Cupom garante R$80 de desconto em compras acima de R$399 no PÃ£o de AÃ§Ãºcar ,R$ 80 OFF,PÃ£o de AÃ§ucar,789Âº,1
"SeleÃ§Ã£o utensÃ­lios de cozinha a partir de R$3,90 [Links na DescriÃ§Ã£o]","R$ 3,90",Extra,410Âº,2
"Smart TV Samsung UHD Processador Crystal 4K 70AU7700 Tela Sem Limites Visual Livre de Cabos 70""",R$ 3632,Samsung,540Âº,18
"Smart TV 50"" Neo QLED 4K Samsung Gaming 50QN90B, Mini Led, Painel atÃ© 144hz, Processador com IA, Som em Movimento, Tela sem limites, Design slim",R$ 3419,Casas Bahia,1130Âº,31
Garanta R$10 de cashback ao comprar R$30 no aliexpress e pagar por PIX no cartÃ£o via recarga pay,R$ 10 OFF,AliExpress,951Âº,9
[APP]Galaxy Z Flip4 5G 128GB Violeta,R$ 3599,Samsung,1131Âº,11
"RobÃ´ Aspirador de PÃ³ KaBuM! Smart 700, Branco, Mapeamento IR 360Âº, Controle via Aplicativo, Google Assistant e Alexa - KBSF006",R$ 1399,KaBuM!,1348Âº,65
Cupom Kaspersky oferece 60% OFF em todo o site,60% OFF,Kaspersky,655Âº,21
Ganhe 2 meses grÃ¡tis de assinatura Apple TV+ | SÃ©ries e Filmes,GrÃ¡tis,Apple,4981Âº,123
Kaspersky Premium Total Protection - 5 dispositivos (1 Ano),R$ 44,Kaspersky,894Âº,30
Power Bank  Basesus 15 W 10000 mAh,R$ 112,AliExpress,644Âº,8
Batedor De Ovos Clara Fouet Manual De Silicone Cabo Inox,"R$ 10,53",Ponto Frio,415Âº,2
Bateria para controle xbox one,"R$ 23,50",Ponto Frio,409Âº,23
O que vocÃª achou da Ãºltima versÃ£o do Pelando? Conta pra gente! ğŸ˜Š,GrÃ¡tis,Sem Marca,1864Âº,0
"[APP] Teclado MecÃ¢nico Gamer Logitech G PRO K/DA Layout US, RGB, TKL,  GX Brown Tactile",R$ 449,KaBuM!,437Âº,14
"[Cliente Ouro/magalupay] Monitor Philips SÃ©rie V8 242V8A 23,8â€ LED IPS 75Hz",R$ 634,Magazine Luiza,1311Âº,14
Capa Bolsa A Prova DÃ¡gua ImpermeÃ¡vel Universal Para Celular - BoogleeÂ®,"R$ 9,90",Ponto Frio,454Âº,9
"Smartphone Samsung Galaxy M54 5G, 128GB, 8GB RAM, Tela de 6.7"" Dual Chip - Azul",R$ 1650,Ponto Frio,989Âº,22
Grampeador Tapeceiro Alta PressÃ£o Prof. Maleta 500 Grampos Sparta,"R$ 30,74",Casas Bahia,759Âº,13
TÃªnis Adidas Vulc Raid3R Masculino - Verde+Branco,R$ 178,Netshoes,844Âº,7
"Smartphone Samsung Galaxy M54 5G, 256GB, 8GB RAM, Tela Infinita de 6.7"" Dual Chip - Prata",R$ 1724,Ponto Frio,955Âº,25
Ã“culos de Sol Com Fone de Ouvido Bluetooth 5.0 Lecoo C8 LENOVO,"R$ 79,59",AliExpress,856Âº,14
Economize R$ 30 acima de R$ 299 no Mercado Livre,R$ 30 OFF,Mercado Livre,1563Âº,11
Areia para Gato Pipicat Classic Kelco 12kg,"R$ 26,98",Ponto Frio,774Âº,8
Ganhe miniatura de LÃ¡pis Labial Make B. no APP BoticÃ¡rio,GrÃ¡tis,BoticÃ¡rio,1654Âº,9
Teclado REDRAGON Fizz K617,R$ 152,AliExpress,444Âº,16
"Monitor Gamer ASRock 34 LED QHD Curvo, 165Hz, 1ms, HDMI e DisplayPort, 115% sRGB, HDR 400, FreeSync Premium, VESA - PG34WQ15R2B",R$ 3389,KaBuM!,453Âº,29
"[Primeira Compra R$158,09] Escavadeira de Controle Remoto - Brinquedo para crianÃ§as",R$ 173,AliExpress,1172Âº,16
"[REC/SUPER R$20,55]NIVEA Creme Facial Antissinais 100g - FÃ³rmula com hidronutrientes ","R$ 24,65",Amazon,480Âº,0
"Stream Deck Elgato Mini, 6 Teclas PersonalizÃ¡veis de LCD, USB Integrado, Preto - 10GAI9901",R$ 361,KaBuM!,458Âº,22
"Smartphone Moto G52 128GB, RAM 4GB, Octa Core, Branco - PAU60019BR + SmartWatch KaBuM! Smart 500, Preto,Pulseira Extra Preto e Vermelho-KBSAC0",R$ 1097,KaBuM!,1182Âº,15
Triturador Alho Manual Processador Picador Fatiador Legumes,"R$ 30,15",Mercado Livre,531Âº,18
"Glutamina L-G, Max Titanium, 300 g","R$ 49,40",Amazon,608Âº,12
Coleman Copo TÃ©rmico de Cerveja 600ml Inox + 6 Cervejas PatagÃ´nia ,R$ 116,Amazon,1168Âº,20
Bosch Jogo Brocas Alvenaria/Metal/Madeira Mini X-Line,"R$ 54,93",Amazon,553Âº,0
Ventilador Mondial 6 PÃ¡s Super Power 40cm 127V,"R$ 95,99",Casas Bahia,390Âº,7
[Conta Nova R$ 185] SSD M.2 NVME Kingspec NX SERIES 1TB Pcie 3.0,R$ 198,AliExpress,456Âº,6
"[REC / SUPER R$13,5] NIVEA Hidratante Corporal Milk Pele Seca 400ml","R$ 16,19",Amazon,361Âº,2
"[L4P3/REC] Veja Gold Original - Limpador Multiuso, 3 unidades de 500ml","R$ 11,86",Amazon,540Âº,10
"Smartband Xiaomi Mi Band 8 com tela AMOLED - RelÃ³gio inteligente Bluetooth, 150 modos de esportes ",R$ 186,AliExpress,1011Âº,12
[REGIONAL] Leite Integral UHT Ninho Forti+ Vitaminado 1 L,"R$ 4,83",Carrefour,1064Âº,18
CD ColeÃ§Ã£o Tim Maia 1971,R$ 7,Amazon,1669Âº,6
[Conta Nova R$ 326 ] SSD M.2 Nvme Adata XPG Gammix S70 Blade 1TB  compatÃ­vel com PS5,R$ 341,AliExpress,689Âº,15
TÃªnis Fila V.Track 3.0 Masculino Marinho + Verde - Tamanhos 39 e 41,R$ 126,Netshoes,434Âº,13
"Monitor Gamer Mancer Horizon Z24, 23.8 Pol. Va, Full HD, 1ms, 75Hz, Freesync/G-Sync, VGA/HDMI, MCR-HZN24-BL1",R$ 576,Casas Bahia,450Âº,2
(Rec) Desodorante Gel Antitranspirante Gillette Hydra Gel Aloe 82g,R$ 17,Amazon,762Âº,14
Controle remoto para FireTV bluetooth,R$ 38,AliExpress,881Âº,31
Cupom 10% OFF em Gift Card Ifood nas Lojas Americanas,10% OFF,Americanas,819Âº,16
Samsung (MZ-V8V500B/AM) 980 SSD 500 GB - M.2 NVMe Interface Unidade de Estado SÃ³lido Interno com Tecnologia V-NAND,R$ 363,Amazon,423Âº,4
"3 meses de Kindle Unlimited por R$1,99 para novos assinantes","R$ 1,99",Amazon,834Âº,25
Base Suporte Notebook RegulÃ¡vel Refrigerada Gamer Cooler,"R$ 45,82",Americanas,407Âº,6
Mochila ReforÃ§ada ImpermeÃ¡vel Masculina Feminina Notebook,R$ 119,Mercado Livre,425Âº,13
Lavadora de Roupas Samsung 10Kg WW4000 - WW10J4273PX,R$ 2400,Samsung,1203Âº,18
